{
  "baczi":[
    {
    "id": "1",
    "data": {
      "number": "1",
      "sky": "甲", "sky_title": "Дзя (Yin)", "sky_elem": "Дерево Ян", "sky_sex": "ян",
      "ground": "子", "ground_title": "Цзы (Zi)", "ground_elem": "Вода Ян", "ground_sex": "Ян", "ground_animal": "Крыса", "ground_sizon": "зима", "ground_color": "blue",
      "caption": "Дерев. Крыса",
      "sky_color": "green"

      }
    },
    {
    "id": "2",
    "data": {
      "number": "3",
      "sky": "乙", "sky_title": "И (Yi)", "sky_elem": "Дерево Инь", "sky_sex": "инь",
      "ground": "丑", "ground_title": "Чоу (Chou)", "ground_elem": "Земля Инь", "ground_sex": "инь", "ground_animal": "Бык", "ground_sizon": "зима", "ground_color": "brown",
      "caption": "Дерев. Бык",
      "sky_color": "green"

      }
    },
    {
    "id": "3",
    "data": {
      "number": "2",
      "sky": "丙", "sky_title": "Бин (Bin)", "sky_elem": "Огонь Ян", "sky_sex": "ян",
      "ground": "寅", "ground_title": "Инь (Yin)", "ground_elem": "Дерево Ян", "ground_sex": "ян", "ground_animal": "Тигр", "ground_sizon": "Весна", "ground_color": "green",
      "caption": "Огнен. Тигр",
      "sky_color": "red"

      }
    },
    {
    "id": "4",
    "data": {
      "number": "6",
      "sky": "丁", "sky_title": "Дин (Ding)", "sky_elem": "Огонь Инь", "sky_sex": "инь",
      "ground": "卯", "ground_title": "Мао (Mao)", "ground_elem": "Дерево Инь", "ground_sex": "инь", "ground_animal": "Кролик", "ground_sizon": "Весна", "ground_color": "green",
      "caption": "Огнен. Кролик",
      "sky_color": "red"

      }
    },
    {
    "id": "5",
    "data": {
      "number": "9",
      "sky": "戊", "sky_title": "У (Wu)", "sky_elem": "Земля Ян", "sky_sex": "ян",
      "ground": "辰", "ground_title": "Чэн (Chen)", "ground_elem": "Земля Ян", "ground_sex": "ян", "ground_animal": "Дракон", "ground_sizon": "Весна", "ground_color": "brown",
      "caption": "Земл. Драк.",
      "sky_color": "brown"

      }
    },
    {
    "id": "6",
    "data": {
      "number": "8",
      "sky": "己", "sky_title": "Джи (Ji)", "sky_elem": "Земля Инь", "sky_sex": "инь",
      "ground": "巳", "ground_title": "Сы (Si)", "ground_elem": "Огонь Инь", "ground_sex": "инь", "ground_animal": "Змея", "ground_sizon": "Лето", "ground_color": "red",
      "caption": "Земл. Змея",
      "sky_color": "brown"

      }
    },
    {
    "id": "7",
    "data": {
      "number": "8",
      "sky": "庚", "sky_title": "Гэн (Geng)", "sky_elem": "Металл Ян", "sky_sex": "ян",
      "ground": "午", "ground_title": "Ву (Wu)", "ground_elem": "Огонь Ян", "ground_sex": "ян", "ground_animal": "Лошадь", "ground_sizon": "Лето", "ground_color": "red",
      "caption": "Метал Лошадь",
      "sky_color": "gray"

      }
    },
    {
    "id": "8",
    "data": {
      "number": "9",
      "sky": "辛", "sky_title": "Синь (Xin)", "sky_elem": "Металл Инь", "sky_sex": "инь",
      "ground": "未", "ground_title": "Вэй (Wei)", "ground_elem": "Земля Инь", "ground_sex": "инь", "ground_animal": "Коза", "ground_sizon": "Лето", "ground_color": "brown",
      "caption": "Метал. Коза",
      "sky_color": "gray"

      }
    },
    {
    "id": "9",
    "data": {
      "number": "1",
      "sky": "壬", "sky_title": "Рен (Ren)", "sky_elem": "Вода Ян", "sky_sex": "ян",
      "ground": "申", "ground_title": "Шэн (Shen)", "ground_elem": "Металл Ян", "ground_sex": "ян", "ground_animal": "Обезьяна", "ground_sizon": "Осень", "ground_color": "gray",
      "caption": "Водн. Обез.",
      "sky_color": "blue"

      }
    },
    {
    "id": "10",
    "data": {
      "number": "2",
      "sky": "癸", "sky_title": "Квей (Gui)", "sky_elem": "Вода Инь", "sky_sex": "инь",
      "ground": "酉", "ground_title": "Ю (You)", "ground_elem": "Металл Инь", "ground_sex": "инь", "ground_animal": "Петух", "ground_sizon": "Осень", "ground_color": "gray",
      "caption": "Водн. Петух",
      "sky_color": "blue"

      }
    },
    {
    "id": "11",
    "data": {
      "number": "7",
      "sky": "甲", "sky_title": "Дзя (Yin)", "sky_elem": "Дерево Ян", "sky_sex": "ян",
      "ground": "戌", "ground_title": "Сюй (Xu)", "ground_elem": "Земля Ян", "ground_sex": "ян", "ground_animal": "Собака", "ground_sizon": "Осень", "ground_color": "brown",
      "caption": "Дерев. Собака",
      "sky_color": "green"

      }
    },
    {
    "id": "12",
    "data": {
      "number": "3",
      "sky": "乙", "sky_title": "И (Yi)", "sky_elem": "Дерево Инь", "sky_sex": "инь",
      "ground": "亥", "ground_title": "Хай (Hai)", "ground_elem": "Вода Инь", "ground_sex": "инь", "ground_animal": "Свинья", "ground_sizon": "зима", "ground_color": "blue",
      "caption": "Дерев. Свинья",
      "sky_color": "green"

      }
    },
    {
    "id": "13",
    "data": {
      "number": "6",
      "sky": "丙", "sky_title": "Бин (Bin)", "sky_elem": "Огонь Ян", "sky_sex": "ян",
      "ground": "子", "ground_title": "Цзы (Zi)", "ground_elem": "Вода Ян", "ground_sex": "Ян", "ground_animal": "Крыса", "ground_sizon": "зима", "ground_color": "blue",
      "caption": "Огнен. Крыса",
      "sky_color": "red"

      }
    },
    {
    "id": "14",
    "data": {
      "number": "4",
      "sky": "丁", "sky_title": "Дин (Ding)", "sky_elem": "Огонь Инь", "sky_sex": "инь",
      "ground": "丑", "ground_title": "Чоу (Chou)", "ground_elem": "Земля Инь", "ground_sex": "инь", "ground_animal": "Бык", "ground_sizon": "зима", "ground_color": "brown",
      "caption": "Огнен. Бык",
      "sky_color": "red"

      }
    },
    {
    "id": "15",
    "data": {
      "number": "8",
      "sky": "戊", "sky_title": "У (Wu)", "sky_elem": "Земля Ян", "sky_sex": "ян",
      "ground": "寅", "ground_title": "Инь (Yin)", "ground_elem": "Дерево Ян", "ground_sex": "ян", "ground_animal": "Тигр", "ground_sizon": "Весна", "ground_color": "green",
      "caption": "Земл. Тигр",
      "sky_color": "brown"

      }
    },
    {
    "id": "16",
    "data": {
      "number": "7",
      "sky": "己", "sky_title": "Джи (Ji)", "sky_elem": "Земля Инь", "sky_sex": "инь",
      "ground": "卯", "ground_title": "Мао (Mao)", "ground_elem": "Дерево Инь", "ground_sex": "инь", "ground_animal": "Кролик", "ground_sizon": "Весна", "ground_color": "green",
      "caption": "Земл. Кролик",
      "sky_color": "brown"

      }
    },
    {
    "id": "17",
    "data": {
      "number": "1",
      "sky": "庚", "sky_title": "Гэн (Geng)", "sky_elem": "Металл Ян", "sky_sex": "ян",
      "ground": "辰", "ground_title": "Чэн (Chen)", "ground_elem": "Земля Ян", "ground_sex": "ян", "ground_animal": "Дракон", "ground_sizon": "Весна", "ground_color": "brown",
      "caption": "Метал. Дракон",
      "sky_color": "gray"

      }
    },
    {
    "id": "18",
    "data": {
      "number": "3",
      "sky": "辛", "sky_title": "Синь (Xin)", "sky_elem": "Металл Инь", "sky_sex": "инь",
      "ground": "巳", "ground_title": "Сы (Si)", "ground_elem": "Огонь Инь", "ground_sex": "инь", "ground_animal": "Змея", "ground_sizon": "Лето", "ground_color": "red",
      "caption": "Метал. Змея",
      "sky_color": "gray"

      }
    },
    {
    "id": "19",
    "data": {
      "number": "2",
      "sky": "壬", "sky_title": "Рен (Ren)", "sky_elem": "Вода Ян", "sky_sex": "ян",
      "ground": "午", "ground_title": "Ву (Wu)", "ground_elem": "Огонь Ян", "ground_sex": "ян", "ground_animal": "Лошадь", "ground_sizon": "Лето", "ground_color": "red",
      "caption": "Водн. Лошадь",
      "sky_color": "blue"

      }
    },
    {
    "id": "20",
    "data": {
      "number": "4",
      "sky": "癸", "sky_title": "Квей (Gui)", "sky_elem": "Вода Инь", "sky_sex": "инь",
      "ground": "未", "ground_title": "Вэй (Wei)", "ground_elem": "Земля Инь", "ground_sex": "инь", "ground_animal": "Коза", "ground_sizon": "Лето", "ground_color": "brown",
      "caption": "Водн. Коза",
      "sky_color": "blue"

      }
    },
    {
    "id": "21",
    "data": {
      "number": "3",
      "sky": "甲", "sky_title": "Дзя (Yin)", "sky_elem": "Дерево Ян", "sky_sex": "ян",
      "ground": "申", "ground_title": "Шэн (Shen)", "ground_elem": "Металл Ян", "ground_sex": "ян", "ground_animal": "Обезьяна", "ground_sizon": "Осень", "ground_color": "gray",
      "caption": "Дерев. Обез.",
      "sky_color": "green"

      }
    },
    {
    "id": "22",
    "data": {
      "number": "9",
      "sky": "乙", "sky_title": "И (Yi)", "sky_elem": "Дерево Инь", "sky_sex": "инь",
      "ground": "酉", "ground_title": "Ю (You)", "ground_elem": "Металл Инь", "ground_sex": "инь", "ground_animal": "Петух", "ground_sizon": "Осень", "ground_color": "gray",
      "caption": "Дерев. Петух",
      "sky_color": "green"

      }
    },
    {
    "id": "23",
    "data": {
      "number": "6",
      "sky": "丙", "sky_title": "Бин (Bin)", "sky_elem": "Огонь Ян", "sky_sex": "ян",
      "ground": "戌", "ground_title": "Сюй (Xu)", "ground_elem": "Земля Ян", "ground_sex": "ян", "ground_animal": "Собака", "ground_sizon": "Осень", "ground_color": "brown",
      "caption": "Огнен. Собака",
      "sky_color": "red"

      }
    },
    {
    "id": "24",
    "data": {
      "number": "8",
      "sky": "丁", "sky_title": "Дин (Ding)", "sky_elem": "Огонь Инь", "sky_sex": "инь",
      "ground": "亥", "ground_title": "Хай (Hai)", "ground_elem": "Вода Инь", "ground_sex": "инь", "ground_animal": "Свинья", "ground_sizon": "зима", "ground_color": "blue",
      "caption": "Огнен. Свинья",
      "sky_color": "red"

      }
    },
    {
    "id": "25",
    "data": {
      "number": "7",
      "sky": "戊", "sky_title": "У (Wu)", "sky_elem": "Земля Ян", "sky_sex": "ян",
      "ground": "子", "ground_title": "Цзы (Zi)", "ground_elem": "Вода Ян", "ground_sex": "Ян", "ground_animal": "Крыса", "ground_sizon": "зима", "ground_color": "blue",
      "caption": "Земл. Крыса",
      "sky_color": "brown"

      }
    },
    {
    "id": "26",
    "data": {
      "number": "9",
      "sky": "己", "sky_title": "Джи (Ji)", "sky_elem": "Земля Инь", "sky_sex": "инь",
      "ground": "丑", "ground_title": "Чоу (Chou)", "ground_elem": "Земля Инь", "ground_sex": "инь", "ground_animal": "Бык", "ground_sizon": "зима", "ground_color": "brown",
      "caption": "Земл. Бык",
      "sky_color": "brown"

      }
    },
    {
    "id": "27",
    "data": {
      "number": "3",
      "sky": "庚", "sky_title": "Гэн (Geng)", "sky_elem": "Металл Ян", "sky_sex": "ян",
      "ground": "寅", "ground_title": "Инь (Yin)", "ground_elem": "Дерево Ян", "ground_sex": "ян", "ground_animal": "Тигр", "ground_sizon": "Весна", "ground_color": "green",
      "caption": "Метал. Тигр",
      "sky_color": "gray"

      }
    },
    {
    "id": "28",
    "data": {
      "number": "2",
      "sky": "辛", "sky_title": "Синь (Xin)", "sky_elem": "Металл Инь", "sky_sex": "инь",
      "ground": "卯", "ground_title": "Мао (Mao)", "ground_elem": "Дерево Инь", "ground_sex": "инь", "ground_animal": "Кролик", "ground_sizon": "Весна", "ground_color": "green",
      "caption": "Метал. Кролик",
      "sky_color": "gray"

      }
    },
    {
    "id": "29",
    "data": {
      "number": "6",
      "sky": "壬", "sky_title": "Рен (Ren)", "sky_elem": "Вода Ян", "sky_sex": "ян",
      "ground": "辰", "ground_title": "Чэн (Chen)", "ground_elem": "Земля Ян", "ground_sex": "ян", "ground_animal": "Дракон", "ground_sizon": "Весна", "ground_color": "brown",
      "caption": "Водн. Дракон",
      "sky_color": "blue"

      }
    },
    {
    "id": "30",
    "data": {
      "number": "4",
      "sky": "癸", "sky_title": "Квей (Gui)", "sky_elem": "Вода Инь", "sky_sex": "инь",
      "ground": "巳", "ground_title": "Сы (Si)", "ground_elem": "Огонь Инь", "ground_sex": "инь", "ground_animal": "Змея", "ground_sizon": "Лето", "ground_color": "red",
      "caption": "Водн. Змея",
      "sky_color": "blue"

      }
    },
    {
    "id": "31",
    "data": {
      "number": "9",
      "sky": "甲", "sky_title": "Дзя (Yin)", "sky_elem": "Дерево Ян", "sky_sex": "ян",
      "ground": "午", "ground_title": "Ву (Wu)", "ground_elem": "Огонь Ян", "ground_sex": "ян", "ground_animal": "Лошадь", "ground_sizon": "Лето", "ground_color": "red",
      "caption": "Дерев. Лошадь",
      "sky_color": "green"

      }
    },
    {
    "id": "32",
    "data": {
      "number": "7",
      "sky": "乙", "sky_title": "И (Yi)", "sky_elem": "Дерево Инь", "sky_sex": "инь",
      "ground": "未", "ground_title": "Вэй (Wei)", "ground_elem": "Земля Инь", "ground_sex": "инь", "ground_animal": "Коза", "ground_sizon": "Лето", "ground_color": "brown",
      "caption": "Дерев. Коза",
      "sky_color": "green"

      }
    },
    {
    "id": "33",
    "data": {
      "number": "8",
      "sky": "丙", "sky_title": "Бин (Bin)", "sky_elem": "Огонь Ян", "sky_sex": "ян",
      "ground": "申", "ground_title": "Шэн (Shen)", "ground_elem": "Металл Ян", "ground_sex": "ян", "ground_animal": "Обезьяна", "ground_sizon": "Осень", "ground_color": "gray",
      "caption": "Огнен. Обез.",
      "sky_color": "red"

      }
    },
    {
    "id": "34",
    "data": {
      "number": "4",
      "sky": "丁", "sky_title": "Дин (Ding)", "sky_elem": "Огонь Инь", "sky_sex": "инь",
      "ground": "酉", "ground_title": "Ю (You)", "ground_elem": "Металл Инь", "ground_sex": "инь", "ground_animal": "Петух", "ground_sizon": "Осень", "ground_color": "gray",
      "caption": "Огнен. Петух",
      "sky_color": "red"

      }
    },
    {
    "id": "35",
    "data": {
      "number": "1",
      "sky": "戊", "sky_title": "У (Wu)", "sky_elem": "Земля Ян", "sky_sex": "ян",
      "ground": "戌", "ground_title": "Сюй (Xu)", "ground_elem": "Земля Ян", "ground_sex": "ян", "ground_animal": "Собака", "ground_sizon": "Осень", "ground_color": "brown",
      "caption": "Земл. Собака",
      "sky_color": "brown"

      }
    },
    {
    "id": "36",
    "data": {
      "number": "2",
      "sky": "己", "sky_title": "Джи (Ji)", "sky_elem": "Земля Инь", "sky_sex": "инь",
      "ground": "亥", "ground_title": "Хай (Hai)", "ground_elem": "Вода Инь", "ground_sex": "инь", "ground_animal": "Свинья", "ground_sizon": "зима", "ground_color": "blue",
      "caption": "Земл. Свинья",
      "sky_color": "brown"

      }
    },
    {
    "id": "37",
    "data": {
      "number": "2",
      "sky": "庚", "sky_title": "Гэн (Geng)", "sky_elem": "Металл Ян", "sky_sex": "ян",
      "ground": "子", "ground_title": "Цзы (Zi)", "ground_elem": "Вода Ян", "ground_sex": "Ян", "ground_animal": "Крыса", "ground_sizon": "зима", "ground_color": "blue",
      "caption": "Метал. Крыса",
      "sky_color": "gray"

      }
    },
    {
    "id": "38",
    "data": {
      "number": "1",
      "sky": "辛", "sky_title": "Синь (Xin)", "sky_elem": "Металл Инь", "sky_sex": "инь",
      "ground": "丑", "ground_title": "Чоу (Chou)", "ground_elem": "Земля Инь", "ground_sex": "инь", "ground_animal": "Бык", "ground_sizon": "зима", "ground_color": "brown",
      "caption": "Метал. Бык",
      "sky_color": "gray"

      }
    },
    {
    "id": "39",
    "data": {
      "number": "9",
      "sky": "壬", "sky_title": "Рен (Ren)", "sky_elem": "Вода Ян", "sky_sex": "ян",
      "ground": "寅", "ground_title": "Инь (Yin)", "ground_elem": "Дерево Ян", "ground_sex": "ян", "ground_animal": "Тигр", "ground_sizon": "Весна", "ground_color": "green",
      "caption": "Водн. Тигр",
      "sky_color": "blue"

      }
    },
    {
    "id": "40",
    "data": {
      "number": "8",
      "sky": "癸", "sky_title": "Квей (Gui)", "sky_elem": "Вода Инь", "sky_sex": "инь",
      "ground": "卯", "ground_title": "Мао (Mao)", "ground_elem": "Дерево Инь", "ground_sex": "инь", "ground_animal": "Кролик", "ground_sizon": "Весна", "ground_color": "green",
      "caption": "Водн. Кролик",
      "sky_color": "blue"

      }
    },
    {
    "id": "41",
    "data": {
      "number": "3",
      "sky": "甲", "sky_title": "Дзя (Yin)", "sky_elem": "Дерево Ян", "sky_sex": "ян",
      "ground": "辰", "ground_title": "Чэн (Chen)", "ground_elem": "Земля Ян", "ground_sex": "ян", "ground_animal": "Дракон", "ground_sizon": "Весна", "ground_color": "brown",
      "caption": "Дерев. Дракон",
      "sky_color": "green"

      }
    },
    {
    "id": "42",
    "data": {
      "number": "7",
      "sky": "乙", "sky_title": "И (Yi)", "sky_elem": "Дерево Инь", "sky_sex": "инь",
      "ground": "巳", "ground_title": "Сы (Si)", "ground_elem": "Огонь Инь", "ground_sex": "инь", "ground_animal": "Змея", "ground_sizon": "Лето", "ground_color": "red",
      "caption": "Дерев. Змея",
      "sky_color": "green"

      }
    },
    {
    "id": "43",
    "data": {
      "number": "4",
      "sky": "丙", "sky_title": "Бин (Bin)", "sky_elem": "Огонь Ян", "sky_sex": "ян",
      "ground": "午", "ground_title": "Ву (Wu)", "ground_elem": "Огонь Ян", "ground_sex": "ян", "ground_animal": "Лошадь", "ground_sizon": "Лето", "ground_color": "red",
      "caption": "Огнен. Лошадь",
      "sky_color": "red"

      }
    },
    {
    "id": "44",
    "data": {
      "number": "6",
      "sky": "丁", "sky_title": "Дин (Ding)", "sky_elem": "Огонь Инь", "sky_sex": "инь",
      "ground": "未", "ground_title": "Вэй (Wei)", "ground_elem": "Земля Инь", "ground_sex": "инь", "ground_animal": "Коза", "ground_sizon": "Лето", "ground_color": "brown",
      "caption": "Огнен. Коза",
      "sky_color": "red"

      }
    },
    {
    "id": "45",
    "data": {
      "number": "2",
      "sky": "戊", "sky_title": "У (Wu)", "sky_elem": "Земля Ян", "sky_sex": "ян",
      "ground": "申", "ground_title": "Шэн (Shen)", "ground_elem": "Металл Ян", "ground_sex": "ян", "ground_animal": "Обезьяна", "ground_sizon": "Осень", "ground_color": "gray",
      "caption": "Земл. Обез.",
      "sky_color": "brown"

      }
    },
    {
    "id": "46",
    "data": {
      "number": "3",
      "sky": "己", "sky_title": "Джи (Ji)", "sky_elem": "Земля Инь", "sky_sex": "инь",
      "ground": "酉", "ground_title": "Ю (You)", "ground_elem": "Металл Инь", "ground_sex": "инь", "ground_animal": "Петух", "ground_sizon": "Осень", "ground_color": "gray",
      "caption": "Земл. Петух",
      "sky_color": "brown"

      }
    },
    {
    "id": "47",
    "data": {
      "number": "9",
      "sky": "庚", "sky_title": "Гэн (Geng)", "sky_elem": "Металл Ян", "sky_sex": "ян",
      "ground": "戌", "ground_title": "Сюй (Xu)", "ground_elem": "Земля Ян", "ground_sex": "ян", "ground_animal": "Собака", "ground_sizon": "Осень", "ground_color": "brown",
      "caption": "Метал. Собака",
      "sky_color": "gray"

      }
    },
    {
    "id": "48",
    "data": {
      "number": "7",
      "sky": "辛", "sky_title": "Синь (Xin)", "sky_elem": "Металл Инь", "sky_sex": "инь",
      "ground": "亥", "ground_title": "Хай (Hai)", "ground_elem": "Вода Инь", "ground_sex": "инь", "ground_animal": "Свинья", "ground_sizon": "зима", "ground_color": "blue",
      "caption": "Метал. Свинья",
      "sky_color": "gray"

      }
    },
    {
    "id": "49",
    "data": {
      "number": "8",
      "sky": "壬", "sky_title": "Рен (Ren)", "sky_elem": "Вода Ян", "sky_sex": "ян",
      "ground": "子", "ground_title": "Цзы (Zi)", "ground_elem": "Вода Ян", "ground_sex": "Ян", "ground_animal": "Крыса", "ground_sizon": "зима", "ground_color": "blue",
      "caption": "Водн. Крыса",
      "sky_color": "blue"

      }
    },
    {
    "id": "50",
    "data": {
      "number": "6",
      "sky": "癸", "sky_title": "Квей (Gui)", "sky_elem": "Вода Инь", "sky_sex": "инь",
      "ground": "丑", "ground_title": "Чоу (Chou)", "ground_elem": "Земля Инь", "ground_sex": "инь", "ground_animal": "Бык", "ground_sizon": "зима", "ground_color": "brown",
      "caption": "Водн. <br>Бык",
      "sky_color": "blue"

      }
    },
    {
    "id": "51",
    "data": {
      "number": "7",
      "sky": "甲", "sky_title": "Дзя (Yin)", "sky_elem": "Дерево Ян", "sky_sex": "ян",
      "ground": "寅", "ground_title": "Инь (Yin)", "ground_elem": "Дерево Ян", "ground_sex": "ян", "ground_animal": "Тигр", "ground_sizon": "Весна", "ground_color": "green",
      "caption": "Дерев. Тигр",
      "sky_color": "green"

      }
    },
    {
    "id": "52",
    "data": {
      "number": "1",
      "sky": "乙", "sky_title": "И (Yi)", "sky_elem": "Дерево Инь", "sky_sex": "инь",
      "ground": "卯", "ground_title": "Мао (Mao)", "ground_elem": "Дерево Инь", "ground_sex": "инь", "ground_animal": "Кролик", "ground_sizon": "Весна", "ground_color": "green",
      "caption": "Дерев. Кролик",
      "sky_color": "green"

      }
    },
    {
    "id": "53",
    "data": {
      "number": "4",
      "sky": "丙", "sky_title": "Бин (Bin)", "sky_elem": "Огонь Ян", "sky_sex": "ян",
      "ground": "辰", "ground_title": "Чэн (Chen)", "ground_elem": "Земля Ян", "ground_sex": "ян", "ground_animal": "Дракон", "ground_sizon": "Весна", "ground_color": "brown",
      "caption": "Огнен. Дракон",
      "sky_color": "red"

      }
    },
    {
    "id": "54",
    "data": {
      "number": "2",
      "sky": "丁", "sky_title": "Дин (Ding)", "sky_elem": "Огонь Инь", "sky_sex": "инь",
      "ground": "巳", "ground_title": "Сы (Si)", "ground_elem": "Огонь Инь", "ground_sex": "инь", "ground_animal": "Змея", "ground_sizon": "Лето", "ground_color": "red",
      "caption": "Огнен. Змея",
      "sky_color": "red"

      }
    },
    {
    "id": "55",
    "data": {
      "number": "3",
      "sky": "戊", "sky_title": "У (Wu)", "sky_elem": "Земля Ян", "sky_sex": "ян",
      "ground": "午", "ground_title": "Ву (Wu)", "ground_elem": "Огонь Ян", "ground_sex": "ян", "ground_animal": "Лошадь", "ground_sizon": "Лето", "ground_color": "red",
      "caption": "Земл. Лошадь",
      "sky_color": "brown"

      }
    },
    {
    "id": "56",
    "data": {
      "number": "1",
      "sky": "己", "sky_title": "Джи (Ji)", "sky_elem": "Земля Инь", "sky_sex": "инь",
      "ground": "未", "ground_title": "Вэй (Wei)", "ground_elem": "Земля Инь", "ground_sex": "инь", "ground_animal": "Коза", "ground_sizon": "Лето", "ground_color": "brown",
      "caption": "Земл. Коза",
      "sky_color": "brown"

      }
    },
    {
    "id": "57",
    "data": {
      "number": "7",
      "sky": "庚", "sky_title": "Гэн (Geng)", "sky_elem": "Металл Ян", "sky_sex": "ян",
      "ground": "申", "ground_title": "Шэн (Shen)", "ground_elem": "Металл Ян", "ground_sex": "ян", "ground_animal": "Обезьяна", "ground_sizon": "Осень", "ground_color": "gray",
      "caption": "Метал. Обез.",
      "sky_color": "gray"

      }
    },
    {
    "id": "58",
    "data": {
      "number": "8",
      "sky": "辛", "sky_title": "Синь (Xin)", "sky_elem": "Металл Инь", "sky_sex": "инь",
      "ground": "酉", "ground_title": "Ю (You)", "ground_elem": "Металл Инь", "ground_sex": "инь", "ground_animal": "Петух", "ground_sizon": "Осень", "ground_color": "gray",
      "caption": "Метал. Петух",
      "sky_color": "gray"

      }
    },
    {
    "id": "59",
    "data": {
      "number": "4",
      "sky": "壬", "sky_title": "Рен (Ren)", "sky_elem": "Вода Ян", "sky_sex": "ян",
      "ground": "戌", "ground_title": "Сюй (Xu)", "ground_elem": "Земля Ян", "ground_sex": "ян", "ground_animal": "Собака", "ground_sizon": "Осень", "ground_color": "brown",
      "caption": "Водн. Собака",
      "sky_color": "blue"

      }
    },
    {
    "id": "60",
    "data": {
      "number": "6",
      "sky": "癸", "sky_title": "Квей (Gui)", "sky_elem": "Вода Инь", "sky_sex": "инь",
      "ground": "亥", "ground_title": "Хай (Hai)", "ground_elem": "Вода Инь", "ground_sex": "инь", "ground_animal": "Свинья", "ground_sizon": "зима", "ground_color": "blue",
      "caption": "Водн. Свинья",
      "sky_color": "blue"

      }
    }
  ]
}
